modul	c_datei	delphi_unit	test_unit	status	beschreibung
2of5	2of5.c,2of5inter.c,2of5inter_based.c	zint_2of5.pas	Test_2of5.pas	done	C25Standard/Inter/IATA/Logic/Ind, ITF14, DPLEIT, DPIDENT
auspost	auspost.c	zint_auspost.pas	Test_Auspost.pas	done	Australia Post
aztec	aztec.c	zint_aztec.pas	Test_Aztec.pas	partial	Aztec Code + Aztec Runes
code	code.c,code11.c	zint_code.pas	Test_Code.pas	done	Code11, C39, EC39, LOGMARS, C93, VIN, HIBC_39
code1	code1.c	zint_code1.pas	Test_Code1.pas	partial	Code One
code128	code128.c,code128_based.c	zint_code128.pas	Test_Code128.pas	partial	Code128, Code128B, GS1-128, EAN-14, NVE-18, HIBC-128
code16k	code16k.c	zint_code16k.pas	Test_Code16k.pas	partial	Code 16K
code49	code49.c	zint_code49.pas	Test_Code49.pas	partial	Code 49
common	common.c	zint_common.pas	Test_CommonCore.pas	partial	Gemeinsame Hilfsfunktionen
composite	composite.c	zint_composite.pas	Test_Composite.pas	partial	Composite-Symbole (CC-A/B/C)
dmatrix	dmatrix.c	zint_dmatrix.pas	Test_DMatrix.pas	partial	Data Matrix inkl. DMRE
dotcode	dotcode.c	zint_dotcode.pas	-	legacy	DotCode
gb2312	gb2312.h	zint_gb2312.pas	-	legacy	GB2312 Zeichensatz
gridmtx	gridmtx.c	zint_gridmtx.pas	-	legacy	Grid Matrix
gs1	gs1.c	zint_gs1.pas	-	legacy	GS1-Validierung
imail	imail.c	zint_imail.pas	-	legacy	Intelligent Mail
large	large.c	zint_large.pas	-	legacy	Large-Number-Arithmetik
library	library.c	zint.pas	Test_CommonCore.pas	partial	Kern-API, Dispatch, TZintSymbol
maxicode	maxicode.c	zint_maxicode.pas	-	legacy	MaxiCode
medical	medical.c	zint_medical.pas	Test_Medical.pas	done	Pharmacode, Code32, PZN
pdf417	pdf417.c	zint_pdf417.pas	Test_PDF417.pas	partial	PDF417, MicroPDF417
plessey	plessey.c	zint_plessey.pas	Test_Plessey.pas	done	Plessey, MSI Plessey
postal	postal.c	zint_postal.pas	Test_Postal.pas	done	PostNet, Planet, RM4SCC, KIX, CEPNet, FIM
qr	qr.c	zint_qr.pas	Test_QR.pas	partial	QR Code, MicroQR, rMQR, UPNQR
reedsol	reedsol.c	zint_reedsol.pas	-	legacy	Reed-Solomon
rss	rss.c	zint_rss.pas	-	legacy	GS1 DataBar (RSS14, Limited, Expanded)
sjis	sjis.h	zint_sjis.pas	-	legacy	Shift-JIS Zeichensatz
telepen	telepen.c	zint_telepen.pas	Test_Telepen.pas	done	Telepen, Telepen Numeric
upcean	upcean.c	zint_upcean.pas	-	legacy	EAN-8, EAN-13, UPC-A, UPC-E
bc412	bc412.c	-	-	missing	BC412
channel	channel.c	-	-	missing	Channel Code
codabar	codabar.c	-	-	missing	Codabar (in C eigene Datei)
codablock	codablock.c	-	-	missing	Codablock-F
dxfilmedge	dxfilmedge.c	-	-	missing	DX Film Edge
eci	eci.c	-	-	missing	Extended Channel Interpretation
general_field	general_field.c	-	-	missing	GS1 General Field
hanxin	hanxin.c	-	-	missing	Han Xin Code
mailmark	mailmark.c	-	-	missing	Royal Mail Mailmark
ultra	ultra.c	-	-	missing	Ultracode
